Rodada,ID,Nome,Clube,Posição,Mandante_Visitante,Pontuação,CA,DS,FC,FF,I,FS,SG,G,FD,PS,DE,GS,PC,V,FT,A,GC,CV,DP,PP
1,100084,Igor Gomes,CAM,Meia,mandante,0.0,,,,,,,,,,,,,,,,,,,,
1,100342,Léo Andrade,REM,Zagueiro,visitante,3.2,1.0,3.0,1.0,,,,,,,,,,,,,,,,,
1,100652,Yuri Alberto,COR,Atacante,mandante,0.7,,,,1.0,1.0,,,,,,,,,,,,,,,
1,100742,Matheus Henrique,CRU,Meia,visitante,1.5,,1.0,,,,,,,,,,,,,,,,,,
1,100842,Ruan,CAM,Zagueiro,mandante,-1.3,1.0,,1.0,,,,,,,,,,,,,,,,,
1,100898,Vitinho,BOT,Lateral,mandante,7.7,,1.0,1.0,,,3.0,1.0,,,,,,,,,,,,,
1,100987,Nonato,FLU,Meia,mandante,6.4,1.0,,2.0,,,,,1.0,,,,,,,,,,,,
1,101254,Alef Manga,REM,Atacante,visitante,0.9,,,1.0,1.0,1.0,1.0,,,,,,,,,,,,,,
1,101314,Ademir,BAH,Atacante,visitante,5.2,,1.0,,,,3.0,,,1.0,1.0,,,,,,,,,,
1,101393,Eduardo Doma,CHA,Zagueiro,mandante,3.0,,2.0,,,,,,,,,,,,,,,,,,
1,101405,Wallisson,CFC,Meia,mandante,4.2,,3.0,1.0,,,,,,,,,,,,,,,,,
1,101574,Hugo Souza,COR,Goleiro,mandante,2.2,,,,,,,,,,,4.0,2.0,1.0,,,,,,,
1,101597,Ramon,VIT,Lateral,mandante,4.7,1.0,,1.0,,,2.0,1.0,,,,,,,,,,,,,
1,101727,Matheuzinho,COR,Lateral,mandante,4.8,1.0,4.0,3.0,1.0,1.0,,,,,,,,,,,,,,,
1,101908,Willian Machado,MIR,Zagueiro,mandante,0.0,1.0,,1.0,1.0,,1.0,,,,,,,,,,,,,,
1,101960,Vitinho,INT,Atacante,mandante,1.9,,,1.0,1.0,1.0,3.0,,,,,,,,,,,,,,
1,102130,Piquerez,PAL,Lateral,visitante,5.3,,2.0,,1.0,,3.0,,,,,,,,,,,,,,
1,102256,Rollheiser,SAN,Meia,visitante,2.5,,,,1.0,,1.0,,,1.0,,,,,,,,,,,
1,102667,Nathan Fogaça,MIR,Atacante,mandante,-0.9,1.0,,2.0,1.0,1.0,,,,,,,,,,,,,,,
1,102796,Julimar,CAP,Atacante,visitante,0.8,,,,1.0,,,,,,,,,,,,,,,,
1,102911,Zé Ricardo,REM,Meia,visitante,0.1,1.0,1.0,3.0,,,1.0,,,,,,,,,,,,,,
1,102928,Canobbio,FLU,Atacante,mandante,5.7,,2.0,1.0,1.0,,2.0,,,1.0,,,,,,,,,,,
1,103056,Gabriel Brazão,SAN,Goleiro,visitante,-6.0,1.0,,,,,,,,,,,4.0,1.0,,,,,,,
1,103445,Kaio Jorge,CRU,Atacante,visitante,2.2,,,,3.0,2.0,,,,,,,,,,,,,,,
1,103767,Gabriel Menino,SAN,Meia,visitante,16.7,1.0,2.0,,3.0,1.0,4.0,,1.0,2.0,,,,,,,,,,,
1,103912,Hernán Crespo,SAO,Técnico,mandante,7.59,,,,,,,,,,,,,,1.0,,,,,,
1,103987,Higor Meritão,CHA,Meia,mandante,13.4,,4.0,2.0,,,,,1.0,,,,,,,,,,,,
1,104027,Rafael Guanaes,MIR,Técnico,mandante,4.8,,,,,,,,,,,,,,1.0,,,,,,
1,104075,Sabino,SAO,Zagueiro,mandante,5.2,,3.0,1.0,,,2.0,,,,,,,,,,,,,,
1,104084,Carlos Miguel,PAL,Goleiro,visitante,-0.7,,,,,,,,,,,1.0,2.0,,,,,,,,
1,104134,Fabri,VIT,Atacante,mandante,5.4,,1.0,1.0,,,,,,1.0,,,,,,1.0,,,,,
1,104257,João Lucas,REM,Lateral,visitante,2.2,,,1.0,1.0,,1.0,,,1.0,,,,,,,,,,,
1,104330,Dudu,VIT,Meia,mandante,-0.3,,,1.0,,,,,,,,,,,,,,,,,
1,104470,Everton,CHA,Lateral,mandante,2.7,,2.0,1.0,,,,,,,,,,,,,,,,,
1,104502,Christian,CRU,Meia,visitante,1.2,,1.0,1.0,,,,,,,,,,,,,,,,,
1,104519,Camilo,CHA,Meia,mandante,4.4,1.0,4.0,2.0,,,,,,,,,,,,,,,,,
1,104693,Newton,BOT,Meia,mandante,2.0,,1.0,,,,1.0,,,,,,,,,,,,,,
1,104754,Juan Vojvoda,SAN,Técnico,visitante,5.21,,,,,,,,,,,,,,,,,,,,
1,104758,Enzo Díaz,SAO,Lateral,mandante,9.2,,3.0,1.0,,,,,,,,,,,,,1.0,,,,
1,104783,Acevedo,BAH,Meia,visitante,1.9,1.0,2.0,2.0,,,1.0,,,,,,,,,,,,,,
1,104811,Sebastián Gómez,CFC,Meia,mandante,2.0,,,,,,4.0,,,,,,,,,,,,,,
1,104994,Wagner Leonardo,GRE,Zagueiro,visitante,3.9,,3.0,2.0,,,,,,,,,,,,,,,,,
1,105047,João Marcelo,CRU,Zagueiro,visitante,-0.3,,,1.0,,,,,,,,,,,,,,,,,
1,105068,Reinier,CAM,Meia,mandante,1.7,,,,,,1.0,,,1.0,,,,,,,,,,,
1,105089,Tetê,GRE,Atacante,visitante,3.3,,1.0,,1.0,,2.0,,,,,,,,,,,,,,
1,105114,Alexis Duarte,SAN,Zagueiro,visitante,-1.3,1.0,,1.0,,,,,,,,,,,,,,,,,
1,105157,Villagra,INT,Meia,mandante,0.0,,,,,,,,,,,,,,,,,,,,
1,105175,Khellven,PAL,Lateral,visitante,0.2,,2.0,1.0,,,1.0,,,,,,,,,,,1.0,,,
1,105213,Sant Anna,RBB,Lateral,visitante,6.2,,,,,,,1.0,,1.0,,,,,,,,,,,
1,105214,Santiago Rodríguez,BOT,Meia,mandante,5.7,,3.0,1.0,,,3.0,,,,,,,,,,,,,,
1,105436,Carrascal,FLA,Meia,visitante,3.2,,,1.0,1.0,,3.0,,,1.0,,,,,,,,,,,
1,105531,Matheus Bidu,COR,Lateral,mandante,5.1,,2.0,,,1.0,2.0,,,1.0,,,,,,,,,,,
1,105563,Carlos Vinícius,GRE,Atacante,visitante,12.0,,2.0,1.0,1.0,,1.0,,1.0,,,,,,,,,,,,
1,105584,Lucas Piton,VAS,Lateral,visitante,-0.3,,,1.0,,,,,,,,,,,,,,,,,
1,105647,Maurício,PAL,Meia,visitante,-0.8,1.0,,3.0,,1.0,,,,1.0,,,,,,,,,,,
1,105664,Walter Clar,CHA,Lateral,mandante,9.5,,1.0,,,,,,1.0,,,,,,,,,,,,
1,105903,Aldo Filho,MIR,Meia,mandante,-0.6,,,2.0,,,,,,,,,,,,,,,,,
1,105949,Rochet,INT,Goleiro,mandante,1.8,,1.0,,,,,,,,,1.0,1.0,,,,,,,,
1,105990,Santiago Mingo,BAH,Zagueiro,visitante,0.5,,,,,,1.0,,,,,,,,,,,,,,
1,106104,Enamorado,GRE,Atacante,visitante,1.2,,,,,,,,,1.0,,,,,,,,,,,
1,106202,Bruno Gomes,INT,Meia,mandante,5.1,,2.0,,2.0,,1.0,,,,,,,,,,,,,,
1,106294,Marcos Antônio,SAO,Meia,mandante,7.5,,5.0,,,,,,,,,,,,,,,,,,
1,106708,Igor Formiga,MIR,Lateral,mandante,4.0,,2.0,1.0,1.0,,1.0,,,,,,,,,,,,,,
1,106822,Rodrigo Nestor,BAH,Meia,visitante,0.0,,,,,,,,,,,,,,,,,,,,
1,107093,Luciano Juba,BAH,Lateral,visitante,6.2,,3.0,,,,1.0,,,1.0,,,,,,,,,,,
1,107172,Patrick de Paula,REM,Meia,visitante,1.8,1.0,1.0,1.0,2.0,,,,,,,,,,,,,,,,
1,107173,Michel Araújo,BAH,Meia,visitante,-3.1,,,2.0,,,1.0,,,,,,,,,,,,1.0,,
1,107174,Bruno Tabata,INT,Meia,mandante,0.5,,,1.0,1.0,,,,,,,,,,,,,,,,
1,107231,Danilo,BOT,Meia,mandante,17.2,,1.0,1.0,,,,,2.0,,,,,,,,,,,,
1,107453,João Paulo,CHA,Zagueiro,mandante,7.0,,1.0,,,,1.0,,,,,,,,,,1.0,,,,
1,107700,Eduardo Melo,REM,Atacante,visitante,1.4,,1.0,,,1.0,,,,,,,,,,,,,,,
1,107873,Bobadilla,SAO,Meia,mandante,6.2,,4.0,3.0,,1.0,,,,1.0,,,,,,,,,,,
1,107985,Terán,CAP,Zagueiro,visitante,7.7,,2.0,1.0,,,,1.0,,,,,,,,,,,,,
1,107989,Carbonero,INT,Atacante,mandante,0.5,,,,,,1.0,,,,,,,,,,,,,,
1,108474,Santi Moreno,FLU,Atacante,mandante,-0.3,,,1.0,,,,,,,,,,,,,,,,,
1,108588,Tapia,SAO,Atacante,mandante,1.5,,1.0,,,,,,,,,,,,,,,,,,
1,108713,Galeano,MIR,Atacante,mandante,1.2,,,,,,,,,1.0,,,,,,,,,,,
1,109096,Plata,FLA,Atacante,visitante,10.6,,,1.0,,,1.0,,1.0,2.0,,,,,,,,,,,
1,109127,Tiago Cóser,CFC,Zagueiro,mandante,1.5,,1.0,,,,,,,,,,,,,,,,,,
1,109336,Rafael Carvalheira,CHA,Meia,mandante,9.2,,1.0,1.0,,,,,1.0,,,,,,,,,,,,
1,109401,Erick Pulga,BAH,Atacante,visitante,3.4,1.0,1.0,2.0,1.0,,3.0,,,1.0,,,,,,,,,,,
1,109573,Martinelli,FLU,Meia,mandante,1.7,,,1.0,1.0,,,,,1.0,,,,,,,,,,,
1,110426,Bernabéi,INT,Lateral,mandante,1.0,1.0,1.0,2.0,,1.0,,,,1.0,,,,,,,,,,,
1,110506,Abel Ferreira,PAL,Técnico,visitante,3.66,,,,,,,,,,,,,,,,,,,,
1,110510,Aguirre,INT,Lateral,mandante,2.7,,2.0,1.0,,,,,,,,,,,,,,,,,
1,110715,Andrés Hurtado,RBB,Lateral,visitante,4.2,1.0,,1.0,,,1.0,1.0,,,,,,,,,,,,,
1,110750,Gustavo Marques,RBB,Zagueiro,visitante,9.7,,3.0,1.0,,,1.0,1.0,,,,,,,,,,,,,
1,110759,John Kennedy,FLU,Atacante,mandante,1.6,,,2.0,,,2.0,,,1.0,,,,,,,,,,,
1,111246,Alix Vinicius,RBB,Zagueiro,visitante,3.4,1.0,,2.0,,,,1.0,,,,,,,,,,,,,
1,111309,Gustavo Martins,GRE,Zagueiro,visitante,10.2,,3.0,2.0,1.0,,1.0,,,,,,,,,,1.0,,,,
1,111466,Victor Gabriel,INT,Zagueiro,mandante,3.0,,2.0,,,,,,,,,,,,,,,,,,
1,111831,Matheus Martins,BOT,Atacante,mandante,10.0,,1.0,,,,1.0,,1.0,,,,,,,,,,,,
1,111879,Mateus Silva,VIT,Lateral,mandante,9.7,,2.0,2.0,1.0,,3.0,1.0,,,,,,,,,,,,,
1,112576,Vini Paulista,CFC,Meia,mandante,0.0,,,,,,,,,,,,,,,,,,,,
1,112709,Kaiki Bruno,CRU,Lateral,visitante,2.2,,,1.0,1.0,,1.0,,,1.0,,,,,,,,,,,
1,112863,Ramón Sosa,PAL,Atacante,visitante,1.7,,,,,,1.0,,,1.0,,,,,,,,,,,
1,112886,Lucas Barbosa,RBB,Atacante,visitante,4.0,,1.0,3.0,1.0,1.0,3.0,,,1.0,,,,,,,,,,,
1,113034,Freytes,FLU,Zagueiro,mandante,1.2,,1.0,1.0,,,,,,,,,,,,,,,,,
1,113103,Flaco López,PAL,Atacante,visitante,16.1,,4.0,3.0,1.0,,2.0,,1.0,1.0,,,,,,,,,,,
1,113113,Benavídez,CAP,Lateral,visitante,9.2,,2.0,,1.0,1.0,1.0,1.0,,,,,,,,,,,,,
1,113359,Pablo Maia,SAO,Meia,mandante,0.0,,,,,,,,,,,,,,,,,,,,
1,113397,Cristian Olivera,BAH,Atacante,visitante,2.9,,1.0,1.0,,,1.0,,,1.0,,,,,,,,,,,
1,114802,Vitor Roque,PAL,Atacante,visitante,7.6,1.0,,2.0,,,,,1.0,1.0,,,,,,,,,,,
1,115025,Miguelito,SAN,Meia,visitante,3.6,,1.0,,2.0,,1.0,,,,,,,,,,,,,,
1,115100,Matheus França,VAS,Meia,visitante,0.8,,,,1.0,,,,,,,,,,,,,,,,
1,115479,Paulo Pezzolano,INT,Técnico,mandante,2.26,,,,,,,,,,,,,,,,,,,,
1,115914,Evertton Araújo,FLA,Meia,visitante,2.1,,,,2.0,,1.0,,,,,,,,,,,,,,
1,116034,Victor Hugo,CAM,Meia,mandante,9.5,,1.0,,,,,,1.0,,,,,,,,,,,,
1,116461,Jamerson,VIT,Lateral,mandante,6.5,,1.0,,,,,1.0,,,,,,,,,,,,,
1,116706,Andrés Gómez,VAS,Atacante,visitante,6.0,,2.0,2.0,1.0,1.0,1.0,,,2.0,,,,,,,,,,,
1,117330,Robert Renan,VAS,Zagueiro,visitante,1.9,,1.0,2.0,,,2.0,,,,,,,,,,,,,,
1,117403,Renato Marques,MIR,Atacante,mandante,2.1,,,3.0,1.0,,2.0,,,1.0,,,,,,,,,,,
1,117632,Garro,COR,Meia,mandante,10.0,,1.0,,1.0,,3.0,,,1.0,,,,,,,1.0,,,,
1,117910,Breno Bidon,COR,Meia,mandante,14.7,1.0,2.0,1.0,,,4.0,,1.0,,,,,,,1.0,,,,,
1,117930,Lavega,CFC,Atacante,mandante,1.5,,,1.0,1.0,,2.0,,,,,,,,,,,,,,
1,117965,Martín Anselmi,BOT,Técnico,mandante,11.04,,,,,,,,,,,,,,1.0,,,,,,
1,118774,Alexsander,CAM,Meia,mandante,1.7,1.0,1.0,1.0,,,3.0,,,,,,,,,,,,,,
1,118775,Lautaro Díaz,SAN,Atacante,visitante,5.8,,1.0,1.0,2.0,,,,,,,,,,,1.0,,,,,
1,120433,Léo Derik,CAP,Lateral,visitante,10.0,,3.0,,,,1.0,1.0,,,,,,,,,,,,,
1,121792,André,GRE,Atacante,visitante,-1.0,1.0,,,,,,,,,,,,,,,,,,,
1,122394,Gustavinho,RBB,Meia,visitante,7.5,,2.0,3.0,1.0,,2.0,,,3.0,,,,,,,,,,,
1,122441,Kayky Almeida,REM,Zagueiro,visitante,0.6,,1.0,3.0,,,,,,,,,,,,,,,,,
1,122485,Barros,VAS,Meia,visitante,9.0,,4.0,,,,6.0,,,,,,,,,,,,,,
1,122487,GB,VAS,Atacante,visitante,0.0,,,,,,,,,,,,,,,,,,,,
1,122781,Caballero,SAN,Atacante,visitante,1.6,,,,2.0,,,,,,,,,,,,,,,,
1,123625,Ítalo,CHA,Atacante,mandante,2.9,,1.0,,,1.0,1.0,,,,1.0,,,,,,,,,,
1,123648,Lucas Ronier,CFC,Atacante,mandante,5.0,,3.0,,,,1.0,,,,,,,,,,,,,,
1,123869,Aguirre,CAP,Zagueiro,visitante,6.7,,1.0,1.0,,,1.0,1.0,,,,,,,,,,,,,
1,124239,Henry Mosquera,RBB,Atacante,visitante,2.9,,,1.0,1.0,,,,,2.0,,,,,,,,,,,
1,124481,Mateo Ponte,BOT,Lateral,mandante,6.2,,1.0,1.0,,,,1.0,,,,,,,,,,,,,
1,124526,Giay,PAL,Lateral,visitante,0.5,,,,,,1.0,,,,,,,,,,,,,,
1,124757,Nathan Fernandes,BOT,Atacante,mandante,5.5,,,,,,1.0,,,,,,,,,,1.0,,,,
1,124912,Jonathan Jesus,CRU,Zagueiro,visitante,0.0,,,,,,,,,,,,,,,,,,,,
1,125746,Dudu,CAP,Meia,visitante,0.0,,,,,,,,,,,,,,,,,,,,
1,125803,Pedro Morisco,CFC,Goleiro,mandante,11.7,,,,,,2.0,,,,,9.0,1.0,,,,,,,,
1,125926,Zapelli,CAP,Meia,visitante,2.5,,1.0,,,,2.0,,,,,,,,,,,,,,
1,126120,Marcelinho,RBB,Meia,visitante,6.3,,,1.0,2.0,,,,,,,,,,,,1.0,,,,
1,126182,Paulinho,INT,Meia,mandante,0.2,1.0,1.0,1.0,,,,,,,,,,,,,,,,,
1,126471,Barreal,SAN,Meia,visitante,12.6,,2.0,,2.0,,,,1.0,,,,,,,,,,,,
1,126977,Fernando Seabra,CFC,Técnico,mandante,4.32,,,,,,,,,,,,,,,,,,,,
1,128433,Johan Rojas,VAS,Meia,visitante,1.7,,,1.0,1.0,,,,,1.0,,,,,,,,,,,
1,130414,Robert,CHA,Meia,mandante,3.0,,2.0,,,,,,,,,,,,,,,,,,
1,130608,Riquelme Fillipi,PAL,Atacante,visitante,-0.3,,,1.0,,,,,,,,,,,,,,,,,
1,130612,Luighi,PAL,Atacante,visitante,0.0,,,,,,,,,,,,,,,,,,,,
1,130650,Bernal,FLU,Meia,mandante,-0.3,,,1.0,,,,,,,,,,,,,,,,,
1,130843,Arthur Dias,CAP,Zagueiro,visitante,8.0,,2.0,,,,,1.0,,,,,,,,,,,,,
1,130906,Riquelme,CAP,Meia,visitante,-0.3,,,1.0,,,,,,,,,,,,,,,,,
1,131832,Portilla,CAP,Meia,visitante,-1.4,1.0,,3.0,,,1.0,,,,,,,,,,,,,,
1,132071,Serna,FLU,Atacante,mandante,0.5,,,1.0,1.0,,,,,,,,,,,,,,,,
1,132264,Arroyo,CRU,Atacante,visitante,1.7,,,,,,1.0,,,1.0,,,,,,,,,,,
1,132274,Ignacio Sosa,RBB,Meia,visitante,0.4,1.0,1.0,2.0,,,1.0,,,,,,,,,,,,,,
1,132553,Jemmes,FLU,Zagueiro,mandante,5.5,,3.0,,,,2.0,,,,,,,,,,,,,,
1,132580,Vinicinho,RBB,Atacante,visitante,0.0,,,,,,,,,,,,,,,,,,,,
1,133543,Gui Negão,COR,Atacante,mandante,0.0,,,,,,,,,,,,,,,,,,,,
1,137542,Kaique Kenji,CRU,Atacante,visitante,-0.5,1.0,,1.0,1.0,,,,,,,,,,,,,,,,
1,139076,Filipe Luís,FLA,Técnico,visitante,3.95,,,,,,,,,,,,,,,,,,,,
1,141406,Andrey Fernandes,VAS,Atacante,visitante,1.7,,,,,,1.0,,,1.0,,,,,,,,,,,
1,141451,Allan,PAL,Meia,visitante,1.9,,1.0,2.0,,,2.0,,,,,,,,,,,,,,
1,141611,Maik,SAO,Lateral,mandante,2.7,,2.0,1.0,,,,,,,,,,,,,,,,,
1,141754,Gabriel Bontempo,SAN,Meia,visitante,0.0,,,,,,,,,,,,,,,,,,,,
1,141868,Vinicius Lira,SAN,Lateral,visitante,3.5,,1.0,,1.0,,,,,1.0,,,,,,,,,,,
1,142004,Amuzu,GRE,Atacante,visitante,1.7,,1.0,1.0,,,1.0,,,,,,,,,,,,,,
1,142265,Dell,BAH,Atacante,visitante,2.5,,1.0,,,,2.0,,,,,,,,,,,,,,
1,142279,Nuno Moreira,VAS,Meia,visitante,0.7,1.0,1.0,1.0,,,1.0,,,,,,,,,,,,,,
1,142484,Barrera,BOT,Meia,mandante,0.0,,,,,,,,,,,,,,,,,,,,
1,142867,Robinho Jr.,SAN,Atacante,visitante,0.0,,,,,,,,,,,,,,,,,,,,
1,142890,Montoro,BOT,Meia,mandante,5.8,,,3.0,,,1.0,,,1.0,,,,,,,1.0,,,,
1,143193,Viveros,CAP,Atacante,visitante,10.2,,1.0,2.0,2.0,,3.0,,,1.0,,,,,,,1.0,,,,
1,143488,Raykkonen,INT,Atacante,mandante,0.5,,,,,,1.0,,,,,,,,,,,,,,
1,145036,Fernando Pradella,SAN,Atacante,visitante,0.0,,,,,,,,,,,,,,,,,,,,
1,145404,Arthur,PAL,Lateral,visitante,-0.3,,,1.0,,,,,,,,,,,,,,,,,
1,145744,André,COR,Meia,mandante,6.5,,4.0,,,,1.0,,,,,,,,,,,,,,
1,146040,João Pedro,REM,Atacante,visitante,-1.0,,,5.0,,,1.0,,,,,,,,,,,,,,
1,147883,João Vitor,VAS,Atacante,visitante,0.0,,,,,,,,,,,,,,,,,,,,
1,37656,Fábio,FLU,Goleiro,mandante,2.1,,,,,,1.0,,,,,2.0,1.0,,,,,,,,
1,39148,Hulk,CAM,Atacante,mandante,5.3,,,1.0,4.0,1.0,5.0,,,,,,,,,,,,,,
1,39656,Alan Franco,CAM,Meia,mandante,-0.1,1.0,1.0,2.0,,,,,,,,,,,,,,,,,
1,39850,Vagner Mancini,RBB,Técnico,visitante,8.07,,,,,,,,,,,,,,1.0,,,,,,
1,40990,Dorival Júnior,COR,Técnico,mandante,6.6,,,,,,,,,,,,,,,,,,,,
1,42135,Willian,GRE,Meia,visitante,-0.3,,,1.0,,,,,,,,,,,,,,,,,
1,42222,Osvaldo,VIT,Atacante,mandante,0.8,,,,1.0,,,,,,,,,,,,,,,,
1,42234,Cássio,CRU,Goleiro,visitante,-2.7,,,,,,,,,,,1.0,4.0,,,,,,,,
1,42500,Fagner,CRU,Lateral,visitante,0.9,,1.0,2.0,,,,,,,,,,,,,,,,,
1,45125,Tite,CRU,Técnico,visitante,1.37,,,,,,,,,,,,,,,,,,,,
1,51413,Walter,MIR,Goleiro,mandante,4.2,,,,,,,,,,,4.0,1.0,,,,,,,,
1,51772,Everton Ribeiro,BAH,Meia,visitante,1.5,,1.0,,,,,,,,,,,,,,,,,,
1,61987,Alex Sandro,FLA,Lateral,visitante,1.0,,,,,,2.0,,,,,,,,,,,,,,
1,62977,Ganso,FLU,Meia,mandante,-0.3,,,1.0,,,,,,,,,,,,,,,,,
1,63013,Marcos Rocha,GRE,Lateral,visitante,0.0,,,,,,,,,,,,,,,,,,,,
1,63289,Edenílson,GRE,Meia,visitante,2.5,,1.0,1.0,1.0,,1.0,,,,,,,,,,,,,,
1,68685,Alan Patrick,INT,Meia,mandante,3.0,,,,1.0,,2.0,,,1.0,,,,,,,,,,,
1,68708,Eduardo,MIR,Meia,mandante,7.0,,,5.0,,,1.0,,1.0,,,,,,,,,,,,
1,68806,Neto,BOT,Goleiro,mandante,10.2,,,,,,,1.0,,,,4.0,,,,,,,,,
1,68899,Philippe Coutinho,VAS,Meia,visitante,10.8,,1.0,,1.0,,1.0,,1.0,,,,,,,,,,,,
1,68920,Dudu,CAM,Atacante,mandante,2.5,,1.0,1.0,1.0,,1.0,,,,,,,,,,,,,,
1,68928,Rafael,SAO,Goleiro,mandante,4.2,,,,,,,,,,,4.0,1.0,,,,,,,,
1,68938,Giovanni Augusto,CHA,Meia,mandante,1.7,,1.0,1.0,,,1.0,,,,,,,,,,,,,,
1,68996,Willian José,BAH,Atacante,visitante,9.5,,1.0,,,,,,1.0,,,,,,,,,,,,
1,69012,Santos,CAP,Goleiro,visitante,11.5,,,,,,,1.0,,,,5.0,,,,,,,,,
1,69140,Allan,BOT,Meia,mandante,2.8,1.0,1.0,1.0,2.0,,2.0,,,,,,,,,,,,,,
1,69208,Gabriel Paulista,COR,Zagueiro,mandante,-0.3,,,1.0,,,,,,,,,,,,,,,,,
1,70164,Lucas Moura,SAO,Meia,mandante,-0.3,,,1.0,,,,,,,,,,,,,,,,,
1,70360,Eduardo Sasha,RBB,Atacante,visitante,3.9,,1.0,,,,,,,2.0,,,,,,,,,,,
1,70449,Gabriel,VIT,Goleiro,mandante,6.8,,,,,,1.0,1.0,,,,1.0,,,,,,,,,
1,70666,Marllon,REM,Zagueiro,visitante,3.5,,2.0,,,,1.0,,,,,,,,,,,,,,
1,70800,Jorge Sampaoli,CAM,Técnico,mandante,3.81,,,,,,,,,,,,,,,,,,,,
1,70944,Bruno Henrique,INT,Meia,mandante,2.2,,,1.0,1.0,,1.0,,,1.0,,,,,,,,,,,
1,70958,Jean Carlos,CHA,Meia,mandante,13.0,,,,,,,,1.0,,,,,,,,1.0,,,,
1,71043,Léo Vieira,CHA,Goleiro,mandante,2.2,1.0,,,,,,,,,,4.0,2.0,,,,,,,,
1,71123,Thiago Mendes,VAS,Meia,visitante,4.5,,2.0,,,,3.0,,,,,,,,,,,,,,
1,71227,Maicon,CFC,Zagueiro,mandante,1.7,,1.0,1.0,,,1.0,,,,,,,,,,,,,,
1,71631,Weverton,GRE,Goleiro,visitante,3.2,,,,,,,,,,,4.0,2.0,,,,,,,,
1,71684,Gustavo Gómez,PAL,Zagueiro,visitante,1.9,,1.0,2.0,,,2.0,,,,,,,,,,,,,,
1,72294,Everson,CAM,Goleiro,mandante,3.7,,,,,,1.0,,,,,4.0,2.0,,,,,,,,
1,72391,Fernando Diniz,VAS,Técnico,visitante,4.0,,,,,,,,,,,,,,,,,,,,
1,72460,Bernard,CAM,Meia,mandante,-0.6,,,2.0,,,,,,,,,,,,,,,,,
1,72493,Alex Telles,BOT,Lateral,mandante,8.0,,2.0,,,,,1.0,,,,,,,,,,,,,
1,73384,Samuel Xavier,FLU,Lateral,mandante,3.7,,2.0,1.0,,,2.0,,,,,,,,,,,,,,
1,73481,Gilmar Dal Pozzo,CHA,Técnico,mandante,7.95,,,,,,,,,,,,,,1.0,,,,,,
1,73717,Juan Carlos Osorio,REM,Técnico,visitante,1.97,,,,,,,,,,,,,,,,,,,,
1,77485,Carrillo,COR,Meia,mandante,3.2,,2.0,1.0,,,1.0,,,,,,,,,,,,,,
1,77656,Cédric Soares,SAO,Lateral,mandante,2.3,,1.0,,1.0,,,,,,,,,,,,,,,,
1,77777,João Schmidt,SAN,Meia,visitante,3.2,,2.0,1.0,,,1.0,,,,,,,,,,,,,,
1,78117,Everaldo,FLU,Atacante,mandante,0.9,,,,,1.0,2.0,,,,,,,,,,,,,,
1,78248,Gustavo Henrique,COR,Zagueiro,mandante,9.2,,5.0,1.0,1.0,,,,,1.0,,,,,,,,,,,
1,78435,Vitinho,COR,Atacante,mandante,1.7,,1.0,1.0,,,1.0,,,,,,,,,,,,,,
1,78445,Renê,FLU,Lateral,mandante,7.4,,1.0,1.0,,,,,,1.0,,,,,,,1.0,,,,
1,78605,Gabriel,RBB,Meia,visitante,0.7,1.0,1.0,1.0,,,1.0,,,,,,,,,,,,,,
1,78850,Reinaldo,MIR,Lateral,mandante,0.8,,,,1.0,,,,,,,,,,,,,,,,
1,78855,Thiago Santos,CFC,Zagueiro,mandante,0.0,,,,,,,,,,,,,,,,,,,,
1,79701,Lucas Silva,CRU,Meia,visitante,0.2,1.0,1.0,1.0,,,,,,,,,,,,,,,,,
1,80129,Jadson,CAP,Meia,visitante,0.5,,,,,,1.0,,,,,,,,,,,,,,
1,80196,Yago Pikachu,REM,Meia,visitante,2.1,,,,2.0,,1.0,,,,,,,,,,,,,,
1,80287,Luciano,SAO,Atacante,mandante,15.3,,2.0,1.0,3.0,,2.0,,1.0,1.0,,,,,,,,,,,
1,80313,Gilberto,BAH,Lateral,visitante,4.4,,,2.0,,,,,,,,,,,,,1.0,,,,
1,81952,Willian Oliveira,CFC,Meia,mandante,7.9,,5.0,2.0,,,2.0,,,,,,,,,,,,,,
1,82455,Zé Rafael,SAN,Meia,visitante,7.9,,,,3.0,,1.0,,,,,,,,,,1.0,,,,
1,82628,Tinga,CFC,Lateral,mandante,5.0,,3.0,,,,1.0,,,,,,,,,,,,,,
1,82730,Marcelo Rangel,REM,Goleiro,visitante,3.2,,,,,,,,,,,4.0,2.0,,,,,,,,
1,83263,Yuri Lara,MIR,Meia,mandante,5.5,,3.0,,,,2.0,,,,,,,,,,,,,,
1,83433,Patrick,REM,Meia,visitante,1.3,,,,1.0,,1.0,,,,,,,,,,,,,,
1,83528,Léo Pereira,FLA,Zagueiro,visitante,0.1,,,3.0,,,2.0,,,,,,,,,,,,,,
1,84339,Bruno Melo,CFC,Lateral,mandante,2.1,1.0,2.0,1.0,,1.0,1.0,,,,,,,,,,,,,,
1,84558,Lucas Romero,CRU,Meia,visitante,2.2,,1.0,1.0,,,2.0,,,,,,,,,,,,,,
1,84626,Josué,CFC,Meia,mandante,-1.0,,1.0,1.0,1.0,,,,,,,,,,,,,,1.0,,
1,84735,Jorginho,FLA,Meia,visitante,-1.8,,1.0,1.0,,,,,,,,,,,,,,,1.0,,
1,84816,Varela,FLA,Lateral,visitante,6.7,,4.0,1.0,,,2.0,,,,,,,,,,,,,,
1,84847,Luan Peres,SAN,Zagueiro,visitante,1.7,,1.0,1.0,,,1.0,,,,,,,,,,,,,,
1,84927,Dodô,REM,Meia,visitante,-0.8,1.0,,1.0,,,1.0,,,,,,,,,,,,,,
1,85048,Memphis Depay,COR,Atacante,mandante,3.7,,1.0,1.0,1.0,,1.0,,,1.0,,,,,,,,,,,
1,85403,Danielzinho,SAO,Meia,mandante,7.6,,,3.0,,,1.0,,1.0,,,,,,,,,,,,
1,85626,Léo,CAP,Zagueiro,visitante,4.7,,,1.0,,,,1.0,,,,,,,,,,,,,
1,86292,Bolasie,CHA,Atacante,mandante,1.2,,1.0,1.0,,,,,,,,,,,,,,,,,
1,86757,Everton,FLA,Atacante,visitante,3.2,,1.0,1.0,1.0,,,,,1.0,,,,,,,,,,,
1,86863,Luiz Otávio,MIR,Zagueiro,mandante,1.5,,1.0,,,,,,,,,,,,,,,,,,
1,87008,Léo Jardim,VAS,Goleiro,visitante,1.9,,,,,,,,,,,3.0,2.0,,,,,,,,
1,87225,Pedro Henrique,RBB,Zagueiro,visitante,4.5,1.0,,1.0,1.0,,,1.0,,,,,,,,,,,,,
1,87742,Neto Moura,MIR,Meia,mandante,0.5,,,1.0,1.0,,,,,,,,,,,,,,,,
1,87863,Arrascaeta,FLA,Meia,visitante,0.8,,,,1.0,,,,,,,,,,,,,,,,
1,87999,Gustavo Scarpa,CAM,Meia,mandante,0.5,,,,,,1.0,,,,,,,,,,,,,,
1,88037,Luís Castro,GRE,Técnico,visitante,4.47,,,,,,,,,,,,,,,,,,,,
1,88312,Junior Alonso,CAM,Zagueiro,mandante,3.5,,2.0,,,,1.0,,,,,,,,,,,,,,
1,89256,Gerson,CRU,Meia,visitante,1.4,,,2.0,,2.0,2.0,,,1.0,,,,,,,,,,,
1,89273,João Pedro,GRE,Lateral,visitante,0.4,,,,,1.0,1.0,,,,,,,,,,,,,,
1,89274,Andreas Pereira,PAL,Meia,visitante,6.7,,1.0,2.0,1.0,,,,,,,,,,,,1.0,,,,
1,89837,Lucho Acosta,FLU,Meia,mandante,13.8,,3.0,,1.0,,1.0,,1.0,,,,,,,,,,,,
1,89840,Calleri,SAO,Atacante,mandante,0.4,,,2.0,,,2.0,,,,,,,,,,,,,,
1,89883,Dodi,GRE,Meia,visitante,-1.1,1.0,,2.0,,,1.0,,,,,,,,,,,,,,
1,89918,Everton Galdino,MIR,Atacante,mandante,0.5,,,,,,1.0,,,,,,,,,,,,,,
1,90031,Mendoza,CAP,Atacante,visitante,8.2,,,1.0,,,1.0,,1.0,,,,,,,,,,,,
1,90285,Bruno Henrique,FLA,Atacante,visitante,0.8,,,,1.0,,,,,,,,,,,,,,,,
1,90302,Pedro Rocha,CFC,Atacante,mandante,2.8,,,2.0,1.0,1.0,3.0,,,1.0,,,,,,,,,,,
1,90370,Matheus Pereira,COR,Meia,mandante,-0.3,,,1.0,,,,,,,,,,,,,,,,,
1,90532,Arthur Melo,GRE,Meia,visitante,5.7,,3.0,1.0,,,3.0,,,,,,,,,,,,,,
1,90588,Caíque,VIT,Meia,mandante,0.4,,,2.0,,,2.0,,,,,,,,,,,,,,
1,90703,Matheuzinho,VIT,Meia,mandante,4.0,,1.0,,1.0,,1.0,,,1.0,,,,,,,,,,,
1,90715,Luiz Fernando,CAP,Atacante,visitante,-0.3,,,1.0,,,,,,,,,,,,,,,,,
1,90768,Fabrício Bruno,CRU,Zagueiro,visitante,0.5,,,,,,1.0,,,,,,,,,,,,,,
1,90943,Zé Marcos,VIT,Zagueiro,mandante,4.1,,,3.0,,,,1.0,,,,,,,,,,,,,
1,91101,Ronaldo,BAH,Goleiro,visitante,4.2,,,,,,,,,,,4.0,1.0,,,,,,,,
1,91473,Erick Pulgar,FLA,Meia,visitante,3.5,,2.0,,,,1.0,,,,,,,,,,,,,,
1,91573,Arboleda,SAO,Zagueiro,mandante,7.5,,5.0,,,,,,,,,,,,,,,,,,
1,91706,Marlon,GRE,Lateral,visitante,4.6,,3.0,1.0,,1.0,1.0,,,,,,,,,,,,,,
1,91772,David Duarte,BAH,Zagueiro,visitante,0.9,,1.0,2.0,,,,,,,,,,,,,,,,,
1,91908,Pavón,GRE,Atacante,visitante,2.9,,1.0,1.0,,,1.0,,,1.0,,,,,,,,,,,
1,92171,Arthur Cabral,BOT,Atacante,mandante,7.1,,,1.0,3.0,,,,,,,,,,,,1.0,,,,
1,92180,Jair Ventura,VIT,Técnico,mandante,9.26,,,,,,,,,,,,,,1.0,,,,,,
1,92273,Odair Hellmann,CAP,Técnico,visitante,8.09,,,,,,,,,,,,,,1.0,,,,,,
1,92696,Renato Kayzer,VIT,Atacante,mandante,10.4,,,,1.0,1.0,1.0,,1.0,1.0,,,,,,,,,,,
1,92854,Borré,INT,Atacante,mandante,2.4,,,2.0,1.0,2.0,,,,2.0,,,,,,,,,,,
1,92981,Ronaldo,INT,Meia,mandante,0.2,,,2.0,1.0,,,,,,,,,,,,,,,,
1,93411,Cantalapiedra,VIT,Meia,mandante,0.5,,,1.0,1.0,,,,,,,,,,,,,,,,
1,93478,Wanderson,CRU,Atacante,visitante,0.9,,,2.0,2.0,1.0,,,,,,,,,,,,,,,
1,93790,Marlon Freitas,PAL,Meia,visitante,1.4,,1.0,,,1.0,,,,,,,,,,,,,,,
1,93882,Cleiton,RBB,Goleiro,visitante,7.6,,,,,,,1.0,,,,2.0,,,,,,,,,
1,93988,Breno Lopes,CFC,Atacante,mandante,1.1,,,,,1.0,,,,1.0,,,,,,,,,,,
1,94067,Matheus Fernandes,RBB,Meia,visitante,0.3,1.0,,1.0,2.0,,,,,,,,,,,,,,,,
1,94154,Maycon,CAM,Meia,mandante,2.5,,1.0,1.0,1.0,,1.0,,,,,,,,,,,,,,
1,94583,Pedro,FLA,Atacante,visitante,6.4,,1.0,2.0,,,1.0,,,,,,,,,,1.0,,,,
1,94968,Juninho Capixaba,RBB,Lateral,visitante,16.2,,,2.0,1.0,,,1.0,1.0,,,,,,,1.0,,,,,
1,95332,Marcinho,CHA,Atacante,mandante,1.6,,1.0,1.0,,1.0,1.0,,,,,,,,,,,,,,
1,95466,Igor Vinícius,SAN,Lateral,visitante,5.5,,,,,,1.0,,,,,,,,,,1.0,,,,
1,95556,Raniele,COR,Meia,mandante,11.4,1.0,8.0,3.0,1.0,,1.0,,,,,,,,,,,,,,
1,95799,Artur,BOT,Atacante,mandante,8.0,,,,,,,,1.0,,,,,,,,,,,,
1,96591,Renan Lodi,CAM,Lateral,mandante,11.2,1.0,4.0,4.0,,1.0,5.0,,,,,,,,,,1.0,,,,
1,96610,Matheus Pereira,CRU,Meia,visitante,3.7,,1.0,,,,2.0,,,1.0,,,,,,,,,,,
1,96793,Camutanga,VIT,Zagueiro,mandante,9.5,,1.0,,1.0,,2.0,1.0,,1.0,,,,,,,,,,,
1,97095,Carlos Cuesta,VAS,Zagueiro,visitante,-1.1,,1.0,3.0,1.0,,1.0,,,,,,,,,,,1.0,,,
1,97321,Alesson,MIR,Atacante,mandante,9.7,,2.0,1.0,1.0,,,,,1.0,,,,,,,1.0,,,,
1,97341,Rogério Ceni,BAH,Técnico,visitante,5.19,,,,,,,,,,,,,,1.0,,,,,,
1,97432,Victor Caetano,CHA,Zagueiro,mandante,3.0,,2.0,,,,,,,,,,,,,,,,,,
1,97460,João Victor,MIR,Zagueiro,mandante,1.5,,1.0,,,,,,,,,,,,,,,,,,
1,97468,Marçal,BOT,Lateral,mandante,8.0,,2.0,,,,,1.0,,,,,,,,,,,,,
1,97642,Félix Torres,INT,Zagueiro,mandante,-0.1,,,2.0,,,1.0,,,,,,,,,,,,,,
1,97653,Murilo,PAL,Zagueiro,visitante,-0.9,,,3.0,,,,,,,,,,,,,,,,,
1,97735,Giovanni Pavani,REM,Meia,visitante,1.5,,1.0,,,,,,,,,,,,,,,,,,
1,97795,Marcelinho,REM,Lateral,visitante,0.0,,,,,,,,,,,,,,,,,,,,
1,97810,Erick,VIT,Atacante,mandante,12.5,,,,2.0,1.0,2.0,,,,,,,,,,2.0,,,,
1,97867,Léo Ortiz,FLA,Zagueiro,visitante,-0.3,,,1.0,,,,,,,,,,,,,,,,,
1,97878,Jacy,CFC,Zagueiro,mandante,2.0,,1.0,,,,1.0,,,,,,,,,,,,,,
1,97906,Riccieli,VIT,Zagueiro,mandante,5.0,,,,,,,1.0,,,,,,,,,,,,,
1,97969,Marcos Vinícius,CHA,Lateral,mandante,-1.3,1.0,,1.0,,,,,,,,,,,,,,,,,
1,98022,Erick,BAH,Meia,visitante,0.0,,,,,,,,,,,,,,,,,,,,
1,98224,Jáderson,REM,Meia,visitante,1.7,,,1.0,,,4.0,,,,,,,,,,,,,,
1,98225,Pedro Raul,COR,Atacante,mandante,0.0,,,,,,,,,,,,,,,,,,,,
1,98384,Negueba,MIR,Atacante,mandante,4.8,,2.0,,1.0,,2.0,,,,,,,,,,,,,,
1,98517,Jean Lucas,BAH,Meia,visitante,6.1,1.0,,3.0,,,,,1.0,,,,,,,,,,,,
1,98672,Savarino,FLU,Meia,mandante,0.5,,,,,,1.0,,,,,,,,,,,,,,
1,98873,Samuel Lino,FLA,Atacante,visitante,6.5,,4.0,,,,1.0,,,,,,,,,,,,,,
1,98909,Cuello,CAM,Atacante,mandante,1.8,,1.0,1.0,1.0,2.0,,,,,,,,,,,,,,,
1,99213,Puma Rodríguez,VAS,Lateral,visitante,6.4,,1.0,,,1.0,,,,,,,,,,,1.0,,,,
1,99274,Alexander Barboza,BOT,Zagueiro,mandante,6.2,,1.0,1.0,,,,1.0,,,,,,,,,,,,,
1,99366,Luis Zubeldía,FLU,Técnico,mandante,5.55,,,,,,,,,,,,,,1.0,,,,,,
1,99440,Baralhas,VIT,Meia,mandante,10.9,1.0,2.0,2.0,,,3.0,,1.0,,,,,,,,,,,,
1,99552,Rossi,FLA,Goleiro,visitante,0.6,,,,,,,,,,,2.0,2.0,,,,,,,,
1,99889,Alan Franco,SAO,Zagueiro,mandante,3.2,,2.0,1.0,,,1.0,,,,,,,,,,,,,,
2,100084,Igor Gomes,CAM,Meia,visitante,-0.5,1.0,,,,,1.0,,,,,,,,,,,,,,
2,100342,Léo Andrade,REM,Zagueiro,mandante,5.0,,3.0,,,,1.0,,,,,,,,,,,,,,
2,100742,Matheus Henrique,CRU,Meia,mandante,4.5,,2.0,1.0,1.0,,2.0,,,,,,,,,,,,,,
2,100842,Ruan,CAM,Zagueiro,visitante,-0.6,,,2.0,,,,,,,,,,,,,,,,,
2,100848,Luan Cândido,VIT,Lateral,visitante,0.9,,,1.0,,,,,,1.0,,,,,,,,,,,
2,100898,Vitinho,BOT,Lateral,visitante,5.8,,3.0,,1.0,,1.0,,,,,,,,,,,,,,
2,100987,Nonato,FLU,Meia,visitante,4.2,1.0,,1.0,,,1.0,,,,,,,,,,1.0,,,,
2,101254,Alef Manga,REM,Atacante,mandante,16.1,,,,1.0,1.0,,,1.0,2.0,,,,,,,1.0,,,,
2,101314,Ademir,BAH,Atacante,mandante,3.3,,,3.0,2.0,1.0,3.0,,,1.0,,,,,,,,,,,
2,101393,Eduardo Doma,CHA,Zagueiro,visitante,3.0,,2.0,,,,,,,,,,,,,,,,,,
2,101594,Hugo Moura,VAS,Meia,mandante,0.0,,,,,,,,,,,,,,,,,,,,
2,101597,Ramon,VIT,Lateral,visitante,7.0,,4.0,1.0,1.0,,1.0,,,,,,,,,,,,,,
2,101715,Alerrandro,INT,Atacante,visitante,2.0,,,,,,4.0,,,,,,,,,,,,,,
2,101908,Willian Machado,MIR,Zagueiro,visitante,6.0,,4.0,,,,,,,,,,,,,,,,,,
2,101960,Vitinho,INT,Atacante,visitante,3.0,1.0,2.0,4.0,,,2.0,,,1.0,,,,,,,,,,,
2,102130,Piquerez,PAL,Lateral,mandante,12.8,,2.0,,1.0,,2.0,,,,,,,,,1.0,1.0,,,,
2,102256,Rollheiser,SAN,Meia,mandante,0.0,,,,,,,,,,,,,,,,,,,,
2,102667,Nathan Fogaça,MIR,Atacante,visitante,8.2,,,2.0,1.0,,,,1.0,,,,,,,,,,,,
2,102909,Luan Vinícius,SAO,Meia,visitante,0.0,,,,,,,,,,,,,,,,,,,,
2,102911,Zé Ricardo,REM,Meia,mandante,6.4,,4.0,3.0,1.0,,1.0,,,,,,,,,,,,,,
2,102928,Canobbio,FLU,Atacante,visitante,2.5,,,,1.0,,1.0,,,1.0,,,,,,,,,,,
2,102975,Escobar,SAN,Lateral,mandante,5.2,1.0,4.0,1.0,,,1.0,,,,,,,,,,,,,,
2,103056,Gabriel Brazão,SAN,Goleiro,mandante,1.6,,,,,,,,,,,2.0,1.0,,,,,,,,
2,103295,Eric Ramires,RBB,Meia,mandante,0.0,,,,,,,,,,,,,,,,,,,,
2,103445,Kaio Jorge,CRU,Atacante,mandante,4.9,,,,2.0,1.0,2.0,,,2.0,,,,,,,,,,,
2,103767,Gabriel Menino,SAN,Meia,mandante,2.4,,1.0,2.0,,,3.0,,,,,,,,,,,,,,
2,103912,Hernán Crespo,SAO,Técnico,visitante,4.97,,,,,,,,,,,,,,,,,,,,
2,103987,Higor Meritão,CHA,Meia,visitante,0.9,,1.0,2.0,,,,,,,,,,,,,,,,,
2,104027,Rafael Guanaes,MIR,Técnico,visitante,5.45,,,,,,,,,,,,,,,,,,,,
2,104075,Sabino,SAO,Zagueiro,visitante,1.4,,1.0,2.0,,,1.0,,,,,,,,,,,,,,
2,104084,Carlos Miguel,PAL,Goleiro,mandante,3.4,,,,,,1.0,,,,,3.0,1.0,,,,,,,,
2,104134,Fabri,VIT,Atacante,visitante,7.7,,1.0,,,,,,,1.0,,,,,,,1.0,,,,
2,104257,João Lucas,REM,Lateral,mandante,2.2,1.0,2.0,1.0,,,1.0,,,,,,,,,,,,,,
2,104330,Dudu,VIT,Meia,visitante,8.2,,,1.0,,,1.0,,1.0,,,,,,,,,,,,
2,104470,Everton,CHA,Lateral,visitante,3.2,,2.0,1.0,,,1.0,,,,,,,,,,,,,,
2,104502,Christian,CRU,Meia,mandante,2.8,,,1.0,2.0,,3.0,,,,,,,,,,,,,,
2,104519,Camilo,CHA,Meia,visitante,0.7,,,1.0,,,2.0,,,,,,,,,,,,,,
2,104693,Newton,BOT,Meia,visitante,4.4,,3.0,2.0,,,1.0,,,,,,,,,,,,,,
2,104754,Juan Vojvoda,SAN,Técnico,mandante,3.09,,,,,,,,,,,,,,,,,,,,
2,104758,Enzo Díaz,SAO,Lateral,visitante,3.6,,2.0,3.0,,,3.0,,,,,,,,,,,,,,
2,104783,Acevedo,BAH,Meia,mandante,9.2,,4.0,2.0,1.0,,,,,,,,,,,1.0,,,,,
2,104811,Sebastián Gómez,CFC,Meia,visitante,1.2,,1.0,1.0,,,,,,,,,,,,,,,,,
2,104994,Wagner Leonardo,GRE,Zagueiro,mandante,5.0,,3.0,1.0,1.0,,,,,,,,,,,,,,,,
2,105047,João Marcelo,CRU,Zagueiro,mandante,0.0,,,,,,,,,,,,,,,,,,,,
2,105068,Reinier,CAM,Meia,visitante,0.8,,,,1.0,,,,,,,,,,,,,,,,
2,105089,Tetê,GRE,Atacante,mandante,11.3,,1.0,1.0,2.0,,1.0,,1.0,,,,,,,,,,,,
2,105175,Khellven,PAL,Lateral,mandante,2.6,,2.0,3.0,,,1.0,,,,,,,,,,,,,,
2,105214,Santiago Rodríguez,BOT,Meia,visitante,0.0,,,,,,,,,,,,,,,,,,,,
2,105300,Ferraresi,SAO,Zagueiro,visitante,-0.3,,,1.0,,,,,,,,,,,,,,,,,
2,105436,Carrascal,FLA,Meia,mandante,2.7,,1.0,,,,,,,1.0,,,,,,,,,,,
2,105563,Carlos Vinícius,GRE,Atacante,mandante,24.1,,,1.0,,1.0,1.0,,3.0,,,,,,,,,,,,
2,105584,Lucas Piton,VAS,Lateral,mandante,4.3,,1.0,,2.0,,,,,1.0,,,,,,,,,,,
2,105647,Maurício,PAL,Meia,mandante,11.7,,2.0,1.0,,,2.0,,1.0,,,,,,,,,,,,
2,105664,Walter Clar,CHA,Lateral,visitante,0.0,,,,,,,,,,,,,,,,,,,,
2,105903,Aldo Filho,MIR,Meia,visitante,3.7,1.0,,1.0,,,,,,,,,,,,,1.0,,,,
2,105949,Rochet,INT,Goleiro,visitante,2.9,,,,,,,,,,,3.0,1.0,,,,,,,,
2,105990,Santiago Mingo,BAH,Zagueiro,mandante,0.2,,,1.0,,,1.0,,,,,,,,,,,,,,
2,106202,Bruno Gomes,INT,Meia,visitante,3.4,,2.0,2.0,,,2.0,,,,,,,,,,,,,,
2,106294,Marcos Antônio,SAO,Meia,visitante,0.0,,,,,,,,,,,,,,,,,,,,
2,106302,Preciado,CAM,Lateral,visitante,2.2,,1.0,1.0,,,2.0,,,,,,,,,,,,,,
2,106323,Caio Alexandre,BAH,Meia,mandante,0.5,,,,,,1.0,,,,,,,,,,,,,,
2,106708,Igor Formiga,MIR,Lateral,visitante,7.7,,,1.0,,,,,1.0,,,,,,,,,,,,
2,107093,Luciano Juba,BAH,Lateral,mandante,5.8,,2.0,1.0,2.0,,3.0,,,,,,,,,,,,,,
2,107172,Patrick de Paula,REM,Meia,mandante,4.6,,1.0,1.0,3.0,,2.0,,,,,,,,,,,,,,
2,107231,Danilo,BOT,Meia,visitante,16.5,,,,,,1.0,,2.0,,,,,,,,,,,,
2,107873,Bobadilla,SAO,Meia,visitante,5.1,,3.0,2.0,,,,,,1.0,,,,,,,,,,,
2,107989,Carbonero,INT,Atacante,visitante,10.4,,1.0,1.0,1.0,,2.0,,,2.0,,,,,,,1.0,,,,
2,108131,Garcez,CHA,Atacante,visitante,1.5,,,2.0,2.0,,1.0,,,,,,,,,,,,,,
2,108133,Isidro Pitta,RBB,Atacante,mandante,-0.6,,,2.0,,,,,,,,,,,,,,,,,
2,108469,Adonis Frías,SAN,Zagueiro,mandante,-0.1,1.0,,1.0,,,,,,1.0,,,,,,,,,,,
2,108474,Santi Moreno,FLU,Atacante,visitante,0.0,,,,,,,,,,,,,,,,,,,,
2,108588,Tapia,SAO,Atacante,visitante,2.7,,1.0,3.0,2.0,,1.0,,,,,,,,,,,,,,
2,108713,Galeano,MIR,Atacante,visitante,1.2,,,,,,,,,1.0,,,,,,,,,,,
2,109127,Tiago Cóser,CFC,Zagueiro,visitante,0.0,,,,,,,,,,,,,,,,,,,,
2,109336,Rafael Carvalheira,CHA,Meia,visitante,1.4,,1.0,3.0,1.0,,,,,,,,,,,,,,,,
2,109401,Erick Pulga,BAH,Atacante,mandante,0.9,,,1.0,,,,,,1.0,,,,,,,,,,,
2,109573,Martinelli,FLU,Meia,visitante,1.9,,1.0,2.0,,,2.0,,,,,,,,,,,,,,
2,109966,Monsalve,GRE,Meia,mandante,0.4,,,2.0,,,2.0,,,,,,,,,,,,,,
2,110426,Bernabéi,INT,Lateral,visitante,0.6,,1.0,1.0,,1.0,1.0,,,,,,,1.0,,,,,,,
2,110506,Abel Ferreira,PAL,Técnico,mandante,10.45,,,,,,,,,,,,,,1.0,,,,,,
2,110510,Aguirre,INT,Lateral,visitante,0.8,,,,1.0,,,,,,,,,,,,,,,,
2,110598,Marino Hinestroza,VAS,Atacante,mandante,2.0,,1.0,,,,1.0,,,,,,,,,,,,,,
2,110715,Andrés Hurtado,RBB,Lateral,mandante,5.5,1.0,1.0,,,,,1.0,,,,,,,,,,,,,
2,110750,Gustavo Marques,RBB,Zagueiro,mandante,9.0,,1.0,1.0,2.0,,,1.0,,1.0,,,,,,,,,,,
2,110759,John Kennedy,FLU,Atacante,visitante,11.9,,2.0,1.0,,,,,1.0,1.0,,,,,,,,,,,
2,111246,Alix Vinicius,RBB,Zagueiro,mandante,4.4,,,2.0,,,,1.0,,,,,,,,,,,,,
2,111466,Victor Gabriel,INT,Zagueiro,visitante,4.7,,3.0,1.0,,,1.0,,,,,,,,,,,,,,
2,111760,Fabinho,RBB,Meia,mandante,-0.3,,,1.0,,,,,,,,,,,,,,,,,
2,111831,Matheus Martins,BOT,Atacante,visitante,1.2,,,,,,,,,1.0,,,,,,,,,,,
2,111879,Mateus Silva,VIT,Lateral,visitante,0.0,,,,,,,,,,,,,,,,,,,,
2,111945,Diego Hernández,REM,Meia,mandante,0.8,1.0,1.0,3.0,,,,,,1.0,,,,,,,,,,,
2,112576,Vini Paulista,CFC,Meia,visitante,5.3,,3.0,,1.0,,,,,,,,,,,,,,,,
2,112709,Kaiki Bruno,CRU,Lateral,mandante,3.2,1.0,3.0,1.0,,,,,,,,,,,,,,,,,
2,112863,Ramón Sosa,PAL,Atacante,mandante,9.7,,1.0,1.0,,,1.0,,1.0,,,,,,,,,,,,
2,112886,Lucas Barbosa,RBB,Atacante,mandante,3.3,,2.0,3.0,,,,,,1.0,,,,,,,,,,,
2,112939,Catarozzi,REM,Meia,mandante,0.9,,1.0,2.0,,,,,,,,,,,,,,,,,
2,113034,Freytes,FLU,Zagueiro,visitante,1.0,,,2.0,2.0,,,,,,,,,,,,,,,,
2,113103,Flaco López,PAL,Atacante,mandante,4.9,,1.0,2.0,1.0,,4.0,,,1.0,,,,,,,,,,,
2,113125,Picco,REM,Meia,mandante,3.6,,2.0,2.0,,,,,,1.0,,,,,,,,,,,
2,113157,Nathan Mendes,VIT,Lateral,visitante,1.6,1.0,1.0,3.0,,,4.0,,,,,,,,,,,,,,
2,113359,Pablo Maia,SAO,Meia,visitante,5.7,,4.0,1.0,,,,,,,,,,,,,,,,,
2,113397,Cristian Olivera,BAH,Atacante,mandante,10.0,,1.0,,,,1.0,,1.0,,,,,,,,,,,,
2,114802,Vitor Roque,PAL,Atacante,mandante,4.4,,1.0,3.0,1.0,2.0,4.0,,,1.0,,,,,,,,,,,
2,115025,Miguelito,SAN,Meia,mandante,-0.3,,,1.0,,,,,,,,,,,,,,,,,
2,115479,Paulo Pezzolano,INT,Técnico,visitante,4.28,,,,,,,,,,,,,,,,,,,,
2,115914,Evertton Araújo,FLA,Meia,mandante,-0.6,,,2.0,,,,,,,,,,,,,,,,,
2,115986,Denilson,MIR,Meia,visitante,1.4,,1.0,2.0,,,1.0,,,,,,,,,,,,,,
2,116034,Victor Hugo,CAM,Meia,visitante,1.3,,,,1.0,,1.0,,,,,,,,,,,,,,
2,116066,Rubens,CHA,Atacante,visitante,0.0,,,,,,,,,,,,,,,,,,,,
2,116706,Andrés Gómez,VAS,Atacante,mandante,13.1,,4.0,2.0,,,3.0,,,1.0,,,,,,,1.0,,,,
2,117330,Robert Renan,VAS,Zagueiro,mandante,0.9,,1.0,2.0,,,,,,,,,,,,,,,,,
2,117930,Lavega,CFC,Atacante,visitante,10.3,,1.0,,1.0,,,,1.0,,,,,,,,,,,,
2,117965,Martín Anselmi,BOT,Técnico,visitante,5.02,,,,,,,,,,,,,,,,,,,,
2,118775,Lautaro Díaz,SAN,Atacante,mandante,0.5,,,,,,1.0,,,,,,,,,,,,,,
2,121792,André,GRE,Atacante,mandante,2.1,,,1.0,,,,,,2.0,,,,,,,,,,,
2,122394,Gustavinho,RBB,Meia,mandante,12.2,,2.0,,,,,,1.0,1.0,,,,,,,,,,,
2,122441,Kayky Almeida,REM,Zagueiro,mandante,1.5,,1.0,,,,,,,,,,,,,,,,,,
2,122485,Barros,VAS,Meia,mandante,5.5,,4.0,6.0,1.0,,1.0,,,,,,,,,,,,,,
2,123625,Ítalo,CHA,Atacante,visitante,-0.1,,,,,1.0,,,,,,,,,,,,,,,
2,123648,Lucas Ronier,CFC,Atacante,visitante,7.8,,2.0,4.0,,,2.0,,,,,,,,,,1.0,,,,
2,124239,Henry Mosquera,RBB,Atacante,mandante,4.8,,1.0,,3.0,1.0,2.0,,,,,,,,,,,,,,
2,124481,Mateo Ponte,BOT,Lateral,visitante,-0.8,1.0,,1.0,,,1.0,,,,,,,,,,,,,,
2,124757,Nathan Fernandes,BOT,Atacante,visitante,0.0,,,,,,,,,,,,,,,,,,,,
2,125803,Pedro Morisco,CFC,Goleiro,visitante,2.9,,,,,,,,,,,3.0,1.0,,,,,,,,
2,126182,Paulinho,INT,Meia,visitante,3.0,,1.0,2.0,,1.0,2.0,,,1.0,,,,,,,,,,,
2,126471,Barreal,SAN,Meia,mandante,5.6,,1.0,2.0,1.0,,3.0,,,2.0,,,,,,,,,,,
2,126977,Fernando Seabra,CFC,Técnico,visitante,5.49,,,,,,,,,,,,,,1.0,,,,,,
2,128433,Johan Rojas,VAS,Meia,mandante,0.0,,,,,,,,,,,,,,,,,,,,
2,130048,Noriega,GRE,Zagueiro,mandante,4.0,,2.0,1.0,1.0,,1.0,,,,,,,,,,,,,,
2,130612,Luighi,PAL,Atacante,mandante,0.0,,,,,,,,,,,,,,,,,,,,
2,130650,Bernal,FLU,Meia,visitante,0.0,,,,,,,,,,,,,,,,,,,,
2,132071,Serna,FLU,Atacante,visitante,2.5,,,,1.0,,1.0,,,1.0,,,,,,,,,,,
2,132264,Arroyo,CRU,Atacante,mandante,0.5,,,1.0,1.0,,,,,,,,,,,,,,,,
2,132274,Ignacio Sosa,RBB,Meia,mandante,-1.3,1.0,,1.0,,,,,,,,,,,,,,,,,
2,132553,Jemmes,FLU,Zagueiro,visitante,2.2,1.0,2.0,1.0,,,1.0,,,,,,,,,,,,,,
2,134678,Lawan,VIT,Atacante,visitante,-0.3,,,1.0,,,,,,,,,,,,,,,,,
2,136156,Larson,PAL,Meia,mandante,0.0,,,,,,,,,,,,,,,,,,,,
2,136955,Sanabria,BAH,Atacante,mandante,6.8,,,2.0,1.0,1.0,1.0,,,1.0,,,,,,,1.0,,,,
2,139076,Filipe Luís,FLA,Técnico,mandante,3.26,,,,,,,,,,,,,,,,,,,,
2,139345,Kauã Prates,CRU,Lateral,mandante,0.0,,,,,,,,,,,,,,,,,,,,
2,140438,David,CHA,Meia,visitante,0.0,,,,,,,,,,,,,,,,,,,,
2,141451,Allan,PAL,Meia,mandante,12.2,1.0,2.0,1.0,1.0,,1.0,,1.0,1.0,,,,,,,,,,,
2,141611,Maik,SAO,Lateral,visitante,2.9,,2.0,2.0,,,1.0,,,,,,,,,,,,,,
2,141754,Gabriel Bontempo,SAN,Meia,mandante,0.0,,,,,,,,,,,,,,,,,,,,
2,142004,Amuzu,GRE,Atacante,mandante,11.2,,,1.0,,,3.0,,,,,,,,,,2.0,,,,
2,142265,Dell,BAH,Atacante,mandante,-1.0,,,,1.0,,,,,1.0,,,,,,,,,1.0,,
2,142279,Nuno Moreira,VAS,Meia,mandante,2.9,,1.0,1.0,,,1.0,,,1.0,,,,,,,,,,,
2,142484,Barrera,BOT,Meia,visitante,2.9,,,2.0,,,1.0,,,,,,,,,1.0,,,,,
2,142890,Montoro,BOT,Meia,visitante,5.5,,,,,,1.0,,,,,,,,,,1.0,,,,
2,146040,João Pedro,REM,Atacante,mandante,10.5,,1.0,,,,2.0,,1.0,,,,,,,,,,,,
2,146410,Marquinhos,BOT,Meia,visitante,0.0,,,,,,,,,,,,,,,,,,,,
2,146623,Luis Pacheco,PAL,Meia,mandante,0.0,,,,,,,,,,,,,,,,,,,,
2,147088,Cissé,CAM,Meia,visitante,0.5,,,,,,1.0,,,,,,,,,,,,,,
2,147883,João Vitor,VAS,Atacante,mandante,0.0,,,,,,,,,,,,,,,,,,,,
2,37656,Fábio,FLU,Goleiro,visitante,5.5,,,,,,,,,,,5.0,1.0,,,,,,,,
2,39148,Hulk,CAM,Atacante,visitante,2.4,,1.0,,,1.0,2.0,,,,,,,,,,,,,,
2,39656,Alan Franco,CAM,Meia,visitante,0.2,,,1.0,,,1.0,,,,,,,,,,,,,,
2,39850,Vagner Mancini,RBB,Técnico,mandante,6.95,,,,,,,,,,,,,,1.0,,,,,,
3,100084,Igor Gomes,CAM,Meia,mandante,0.7,,,1.0,,,2.0,,,,,,,,,,,,,,
3,100342,Léo Andrade,REM,Zagueiro,visitante,1.2,,1.0,1.0,,,,,,,,,,,,,,,,,
3,100652,Yuri Alberto,COR,Atacante,mandante,3.0,,,2.0,1.0,1.0,1.0,,,2.0,,,,,,,,,,,
3,100695,Fernando,RBB,Atacante,visitante,-0.3,,,1.0,,,,,,,,,,,,,,,,,
3,100742,Matheus Henrique,CRU,Meia,visitante,1.5,,,,,,3.0,,,,,,,,,,,,,,
3,100842,Ruan,CAM,Zagueiro,mandante,10.2,,1.0,1.0,,,2.0,,1.0,,,,,,,,,,,,
3,100898,Vitinho,BOT,Lateral,visitante,5.0,,3.0,,,,1.0,,,,,,,,,,,,,,
3,101254,Alef Manga,REM,Atacante,visitante,10.7,,1.0,,2.0,4.0,,,1.0,,,,,,,,,,,,
3,101290,Ferreira,SAO,Atacante,mandante,0.3,1.0,,,1.0,,1.0,,,,,,,,,,,,,,
3,101314,Ademir,BAH,Atacante,visitante,3.0,,1.0,,,,3.0,,,,,,,,,,,,,,
3,101319,Guga,FLU,Lateral,mandante,3.7,1.0,,1.0,,,,1.0,,,,,,,,,,,,,
3,101393,Eduardo Doma,CHA,Zagueiro,mandante,8.5,,,,,,1.0,,1.0,,,,,,,,,,,,
3,101574,Hugo Souza,COR,Goleiro,mandante,15.9,,,,,,,1.0,,,,3.0,,,,,,,,1.0,
3,101715,Alerrandro,INT,Atacante,mandante,-0.3,,,1.0,,,,,,,,,,,,,,,,,
3,101727,Matheuzinho,COR,Lateral,mandante,7.2,,1.0,1.0,,,2.0,1.0,,,,,,,,,,,,,
3,101908,Willian Machado,MIR,Zagueiro,mandante,2.7,,1.0,,,,,,,1.0,,,,,,,,,,,
3,101960,Vitinho,INT,Atacante,mandante,6.0,,3.0,2.0,2.0,,1.0,,,,,,,,,,,,,,
3,102130,Piquerez,PAL,Lateral,visitante,6.2,,3.0,,,,1.0,,,1.0,,,,,,,,,,,
3,102256,Rollheiser,SAN,Meia,visitante,0.0,,,,,,,,,,,,,,,,,,,,
3,102667,Nathan Fogaça,MIR,Atacante,mandante,11.6,,,2.0,,,,,1.0,1.0,,,,,,1.0,,,,,
3,102796,Julimar,CAP,Atacante,mandante,14.4,,3.0,1.0,,,2.0,,1.0,1.0,,,,,,,,,,,
3,102911,Zé Ricardo,REM,Meia,visitante,5.4,,4.0,2.0,,,,,,,,,,,,,,,,,
3,102928,Canobbio,FLU,Atacante,mandante,1.0,1.0,1.0,4.0,1.0,1.0,2.0,,,,,,,,,1.0,,,1.0,,
3,103056,Gabriel Brazão,SAN,Goleiro,visitante,3.6,,,,,,1.0,,,1.0,,3.0,2.0,,,,,,,,
3,103295,Eric Ramires,RBB,Meia,visitante,0.2,,,1.0,,,1.0,,,,,,,,,,,,,,
3,103445,Kaio Jorge,CRU,Atacante,visitante,9.2,,,,,,,,1.0,1.0,,,,,,,,,,,
3,103767,Gabriel Menino,SAN,Meia,visitante,5.9,,3.0,2.0,,,4.0,,,,,,,,,,,,,,
3,103912,Hernán Crespo,SAO,Técnico,mandante,8.469999999999999,,,,,,,,,,,,,,1.0,,,,,,
3,103987,Higor Meritão,CHA,Meia,mandante,3.4,1.0,2.0,1.0,,,1.0,,,1.0,,,,,,,,,,,
3,104027,Rafael Guanaes,MIR,Técnico,mandante,3.75,,,,,,,,,,,,,,,,,,,,
3,104075,Sabino,SAO,Zagueiro,mandante,10.0,,3.0,,,,1.0,1.0,,,,,,,,,,,,,
3,104084,Carlos Miguel,PAL,Goleiro,visitante,3.9,,,,,,2.0,,,,,3.0,1.0,,,,,,,,
3,104257,João Lucas,REM,Lateral,visitante,1.1,,1.0,3.0,,,1.0,,,,,,,,,,,,,,
3,104470,Everton,CHA,Lateral,mandante,6.4,1.0,,,3.0,,,,,,,,,,,,1.0,,,,
3,104502,Christian,CRU,Meia,visitante,5.7,,3.0,,,,,,,1.0,,,,,,,,,,,
3,104519,Camilo,CHA,Meia,mandante,3.5,,2.0,,,,1.0,,,,,,,,,,,,,,
3,104666,Moisés,SAN,Atacante,visitante,1.2,,,,,,,,,1.0,,,,,,,,,,,
3,104693,Newton,BOT,Meia,visitante,5.2,1.0,4.0,1.0,,,1.0,,,,,,,,,,,,,,
3,104754,Juan Vojvoda,SAN,Técnico,visitante,4.25,,,,,,,,,,,,,,,,,,,,
3,104758,Enzo Díaz,SAO,Lateral,mandante,12.8,,4.0,1.0,2.0,,1.0,1.0,,,,,,,,,,,,,
3,104783,Acevedo,BAH,Meia,visitante,2.9,1.0,3.0,2.0,,,,,,,,,,,,,,,,,
3,104994,Wagner Leonardo,GRE,Zagueiro,visitante,-0.1,,2.0,2.0,,,1.0,,,,,,,,,,,,1.0,,
3,105047,João Marcelo,CRU,Zagueiro,visitante,3.0,,2.0,,,,,,,,,,,,,,,,,,
3,105068,Reinier,CAM,Meia,mandante,3.9,,,1.0,,,,,,1.0,,,,,,1.0,,,,,
3,105089,Tetê,GRE,Atacante,visitante,5.3,,3.0,,1.0,,,,,,,,,,,,,,,,
3,105175,Khellven,PAL,Lateral,visitante,2.0,,1.0,,,,1.0,,,,,,,,,,,,,,
3,105300,Ferraresi,SAO,Zagueiro,mandante,6.5,,1.0,,,,,1.0,,,,,,,,,,,,,
3,105373,Gabriel Xavier,BAH,Zagueiro,visitante,6.5,,1.0,,,,,1.0,,,,,,,,,,,,,
3,105531,Matheus Bidu,COR,Lateral,mandante,19.0,1.0,2.0,1.0,1.0,,7.0,1.0,1.0,,,,,,,,,,,,
3,105563,Carlos Vinícius,GRE,Atacante,visitante,0.7,,,2.0,1.0,,1.0,,,,,,,,,,,,,,
3,105584,Lucas Piton,VAS,Lateral,mandante,-0.3,,,1.0,,,,,,,,,,,,,,,,,
3,105647,Maurício,PAL,Meia,visitante,4.1,,1.0,,2.0,,2.0,,,,,,,,,,,,,,
3,105664,Walter Clar,CHA,Lateral,mandante,15.0,,1.0,1.0,1.0,,,,1.0,,,,,,,,1.0,,,,
3,105903,Aldo Filho,MIR,Meia,mandante,1.9,1.0,1.0,2.0,1.0,,,,,1.0,,,,,,,,,,,
3,105949,Rochet,INT,Goleiro,mandante,2.2,,,,,,,,,,,4.0,3.0,,,,,,,,
3,105990,Santiago Mingo,BAH,Zagueiro,visitante,6.5,,1.0,,,,,1.0,,,,,,,,,,,,,
3,106104,Enamorado,GRE,Atacante,visitante,3.4,,1.0,1.0,,,2.0,,,1.0,,,,,,,,,,,
3,106202,Bruno Gomes,INT,Meia,mandante,10.0,,4.0,1.0,1.0,,1.0,,,,,,,,,1.0,,,,,
3,106294,Marcos Antônio,SAO,Meia,mandante,0.9,,1.0,2.0,,,,,,,,,,,,,,,,,
3,106302,Preciado,CAM,Lateral,mandante,-0.3,,,1.0,,,,,,,,,,,,,,,,,
3,106323,Caio Alexandre,BAH,Meia,visitante,-1.3,1.0,,1.0,,,,,,,,,,,,,,,,,
3,106708,Igor Formiga,MIR,Lateral,mandante,1.5,,1.0,,,,,,,,,,,,,,,,,,
3,107093,Luciano Juba,BAH,Lateral,visitante,16.5,,1.0,,1.0,,,1.0,1.0,1.0,,,,,,,,,,,
3,107172,Patrick de Paula,REM,Meia,visitante,14.0,,1.0,2.0,2.0,,3.0,,,,,,,,,,2.0,,,,
3,107231,Danilo,BOT,Meia,visitante,3.5,,,1.0,1.0,,,,,,,,,,,1.0,,,,,
3,107873,Bobadilla,SAO,Meia,mandante,0.0,,,,,,,,,,,,,,,,,,,,
3,107985,Terán,CAP,Zagueiro,mandante,0.2,,,1.0,,,1.0,,,,,,,,,,,,,,
3,107989,Carbonero,INT,Atacante,mandante,5.6,,1.0,,3.0,,1.0,,,1.0,,,,,,,,,,,
3,108131,Garcez,CHA,Atacante,mandante,3.3,,1.0,,1.0,,2.0,,,,,,,,,,,,,,
3,108133,Isidro Pitta,RBB,Atacante,visitante,-1.0,,1.0,3.0,1.0,1.0,1.0,,,1.0,,,,,,,,,,,1.0
3,108588,Tapia,SAO,Atacante,mandante,3.8,,,,1.0,,,,,,,,,,,1.0,,,,,
3,108713,Galeano,MIR,Atacante,mandante,1.1,,,,,1.0,,,,1.0,,,,,,,,,,,
3,109127,Tiago Cóser,CFC,Zagueiro,visitante,-0.4,1.0,1.0,3.0,,,,,,,,,,,,,,,,,
3,109336,Rafael Carvalheira,CHA,Meia,mandante,1.5,,1.0,,,,,,,,,,,,,,,,,,
3,109401,Erick Pulga,BAH,Atacante,visitante,3.2,,2.0,1.0,,,1.0,,,,,,,,,,,,,,
3,109573,Martinelli,FLU,Meia,mandante,4.7,,2.0,,,,1.0,,,1.0,,,,,,,,,,,
3,110144,Spinelli,VAS,Atacante,mandante,2.0,,1.0,1.0,1.0,,,,,,,,,,,,,,,,
3,110426,Bernabéi,INT,Lateral,mandante,3.0,,2.0,,,,,,,,,,,,,,,,,,
3,110506,Abel Ferreira,PAL,Técnico,visitante,7.45,,,,,,,,,,,,,,1.0,,,,,,
3,110510,Aguirre,INT,Lateral,mandante,3.8,,2.0,,1.0,,,,,,,,,,,,,,,,
3,110598,Marino Hinestroza,VAS,Atacante,mandante,0.5,,,1.0,1.0,,,,,,,,,,,,,,,,
3,110668,Esquivel,CAP,Lateral,mandante,5.7,,,1.0,,,2.0,,,,,,,,,,1.0,,,,
3,110715,Andrés Hurtado,RBB,Lateral,visitante,-0.6,,,2.0,,,,,,,,,,,,,,,,,
3,110750,Gustavo Marques,RBB,Zagueiro,visitante,2.0,,1.0,,,,1.0,,,,,,,,,,,,,,
3,110759,John Kennedy,FLU,Atacante,mandante,7.6,,3.0,2.0,1.0,,1.0,,,2.0,,,,,,,,,,,
3,111309,Gustavo Martins,GRE,Zagueiro,visitante,-1.0,,,,,,,,,,,,,1.0,,,,,,,
3,111466,Victor Gabriel,INT,Zagueiro,mandante,1.5,,1.0,,,,,,,,,,,,,,,,,,
3,111760,Fabinho,RBB,Meia,visitante,3.9,,2.0,2.0,,,3.0,,,,,,,,,,,,,,
3,111829,Kayky,INT,Atacante,mandante,0.0,,,,,,,,,,,,,,,,,,,,
3,111831,Matheus Martins,BOT,Atacante,visitante,0.2,,,1.0,,,1.0,,,,,,,,,,,,,,
3,111832,Jefté,PAL,Lateral,visitante,0.0,,,,,,,,,,,,,,,,,,,,
3,111945,Diego Hernández,REM,Meia,visitante,2.7,,1.0,,,,,,,1.0,,,,,,,,,,,
3,112576,Vini Paulista,CFC,Meia,visitante,3.0,,2.0,,,,,,,,,,,,,,,,,,
3,112709,Kaiki Bruno,CRU,Lateral,visitante,3.7,,2.0,1.0,,,2.0,,,,,,,,,,,,,,
3,112863,Ramón Sosa,PAL,Atacante,visitante,0.0,,,,,,,,,,,,,,,,,,,,
3,112886,Lucas Barbosa,RBB,Atacante,visitante,5.4,1.0,3.0,2.0,1.0,,1.0,,,1.0,,,,,,,,,,,
3,113034,Freytes,FLU,Zagueiro,mandante,5.4,1.0,1.0,2.0,,,1.0,1.0,,,,,,,,,,,,,
3,113103,Flaco López,PAL,Atacante,visitante,-0.6,,,1.0,,3.0,,,,,,,,,,,,,,,
3,113113,Benavídez,CAP,Lateral,mandante,-0.6,,,2.0,,,,,,,,,,,,,,,,,
3,113125,Picco,REM,Meia,visitante,6.0,,4.0,,,,,,,,,,,,,,,,,,
3,113359,Pablo Maia,SAO,Meia,mandante,-0.3,1.0,,2.0,1.0,,1.0,,,,,,,,,,,,,,
3,113397,Cristian Olivera,BAH,Atacante,visitante,5.7,1.0,4.0,2.0,,2.0,3.0,,,,,,,,,,,,,,
3,114405,Sinisterra,CRU,Atacante,visitante,1.7,,1.0,2.0,1.0,,,,,,,,,,,,,,,,
3,114802,Vitor Roque,PAL,Atacante,visitante,14.0,,2.0,,1.0,,2.0,,1.0,1.0,,,,,,,,,,,
3,115025,Miguelito,SAN,Meia,visitante,1.3,,,1.0,2.0,,,,,,,,,,,,,,,,
3,115479,Paulo Pezzolano,INT,Técnico,mandante,4.89,,,,,,,,,,,,,,,,,,,,
3,116034,Victor Hugo,CAM,Meia,mandante,7.7,,1.0,,,,,,,1.0,,,,,,,1.0,,,,
3,116066,Rubens,CHA,Atacante,mandante,8.0,,,,,,,,1.0,,,,,,,,,,,,
3,116447,Hércules,FLU,Meia,mandante,0.0,,,,,,,,,,,,,,,,,,,,
3,116706,Andrés Gómez,VAS,Atacante,mandante,6.3,1.0,3.0,3.0,1.0,,1.0,,,2.0,,,,,,,,,,,
3,117330,Robert Renan,VAS,Zagueiro,mandante,1.4,,1.0,3.0,1.0,,,,,,,,,,,,,,,,
3,117632,Garro,COR,Meia,mandante,7.0,,1.0,,,,1.0,,,,,,,,,,1.0,,,,
3,117930,Lavega,CFC,Atacante,visitante,1.5,,1.0,,,,,,,,,,,,,,,,,,
3,117965,Martín Anselmi,BOT,Técnico,visitante,3.85,,,,,,,,,,,,,,,,,,,,
3,118775,Lautaro Díaz,SAN,Atacante,visitante,0.0,,,,,,,,,,,,,,,,,,,,
3,120433,Léo Derik,CAP,Lateral,mandante,0.0,,,,,,,,,,,,,,,,,,,,
3,121792,André,GRE,Atacante,visitante,2.5,1.0,2.0,1.0,1.0,,,,,,,,,,,,,,,,
3,121824,Kayke,COR,Atacante,mandante,1.5,,1.0,,,,,,,,,,,,,,,,,,
3,122138,João Vitor,CHA,Meia,mandante,0.0,,,,,,,,,,,,,,,,,,,,
3,122394,Gustavinho,RBB,Meia,visitante,-0.1,,,2.0,,,1.0,,,,,,,,,,,,,,
3,122441,Kayky Almeida,REM,Zagueiro,visitante,4.1,1.0,2.0,1.0,,,,,,2.0,,,,,,,,,,,
3,122485,Barros,VAS,Meia,mandante,9.0,1.0,4.0,2.0,2.0,,6.0,,,,,,,,,,,,,,
3,122487,GB,VAS,Atacante,mandante,0.0,,,,,,,,,,,,,,,,,,,,
3,123625,Ítalo,CHA,Atacante,mandante,1.3,,,,1.0,,1.0,,,,,,,,,,,,,,
3,123648,Lucas Ronier,CFC,Atacante,visitante,15.1,,2.0,,2.0,,1.0,,,,,,,,,,2.0,,,,
3,123738,Herrera,RBB,Atacante,visitante,0.0,,,,,,,,,,,,,,,,,,,,
3,123744,Alan Rodríguez,INT,Meia,mandante,0.0,,,,,,,,,,,,,,,,,,,,
3,124239,Henry Mosquera,RBB,Atacante,visitante,1.3,,,3.0,,,2.0,,,1.0,,,,,,,,,,,
3,124526,Giay,PAL,Lateral,visitante,-0.3,,,1.0,,,,,,,,,,,,,,,,,
3,124757,Nathan Fernandes,BOT,Atacante,visitante,4.0,,2.0,,,,2.0,,,,,,,,,,,,,,
3,125746,Dudu,CAP,Meia,mandante,0.5,,,,,,1.0,,,,,,,,,,,,,,
3,125803,Pedro Morisco,CFC,Goleiro,visitante,3.5,,,,,,,,,,,5.0,3.0,,,,,,,,
3,125926,Zapelli,CAP,Meia,mandante,6.7,,4.0,2.0,1.0,,1.0,,,,,,,,,,,,,,
3,126013,Ythallo,BOT,Zagueiro,visitante,0.2,1.0,1.0,1.0,,,,,,,,,,,,,,,,,
3,126182,Paulinho,INT,Meia,mandante,0.4,1.0,1.0,2.0,,,1.0,,,,,,,,,,,,,,
3,126471,Barreal,SAN,Meia,visitante,1.2,,1.0,1.0,,,,,,,,,,,,,,,,,
3,126977,Fernando Seabra,CFC,Técnico,visitante,5.51,,,,,,,,,,,,,,,,,,,,
3,127970,Felipe Chiqueti,CAP,Meia,mandante,2.4,1.0,1.0,1.0,,,2.0,,,1.0,,,,,,,,,,,
3,128433,Johan Rojas,VAS,Meia,mandante,-0.3,,,1.0,,,,,,,,,,,,,,,,,
3,130048,Noriega,GRE,Zagueiro,visitante,5.7,,3.0,2.0,1.0,,2.0,,,,,,,,,,,,,,
3,130612,Luighi,PAL,Atacante,visitante,1.7,,1.0,1.0,,,1.0,,,,,,,,,,,,,,
3,130650,Bernal,FLU,Meia,mandante,1.6,,1.0,3.0,,,2.0,,,,,,,,,,,,,,
3,130843,Arthur Dias,CAP,Zagueiro,mandante,4.2,,3.0,1.0,,,,,,,,,,,,,,,,,
3,131832,Portilla,CAP,Meia,mandante,0.9,,1.0,2.0,,,,,,,,,,,,,,,,,
3,132071,Serna,FLU,Atacante,mandante,4.0,,1.0,,1.0,,1.0,,,1.0,,,,,,,,,,,
3,132274,Ignacio Sosa,RBB,Meia,visitante,0.9,,,2.0,,,3.0,,,,,,,,,,,,,,
3,132412,Román Gómez,BAH,Lateral,visitante,12.5,,5.0,,,,,1.0,,,,,,,,,,,,,
3,132553,Jemmes,FLU,Zagueiro,mandante,8.0,,2.0,,,,,1.0,,,,,,,,,,,,,
3,132580,Vinicinho,RBB,Atacante,visitante,0.5,,,,,,1.0,,,,,,,,,,,,,,
3,133543,Gui Negão,COR,Atacante,mandante,0.0,,,,,,,,,,,,,,,,,,,,
3,137542,Kaique Kenji,CRU,Atacante,visitante,0.5,,,,,,1.0,,,,,,,,,,,,,,
4,100342,Léo Andrade,REM,Zagueiro,mandante,2.4,,2.0,2.0,,,,,,,,,,,,,,,,,
4,100695,Fernando,RBB,Atacante,mandante,0.5,,,,,,1.0,,,,,,,,,,,,,,
4,100742,Matheus Henrique,CRU,Meia,mandante,0.0,,,,,,,,,,,,,,,,,,,,
4,100842,Ruan,CAM,Zagueiro,visitante,1.7,,1.0,1.0,,,1.0,,,,,,,,,,,,,,
4,101254,Alef Manga,REM,Atacante,mandante,10.1,,1.0,,1.0,1.0,1.0,,,2.0,,,,,,,1.0,,,,
4,101290,Ferreira,SAO,Atacante,visitante,3.7,,1.0,,,,2.0,,,1.0,,,,,,,,,,,
4,101319,Guga,FLU,Lateral,visitante,0.1,,,1.0,,1.0,1.0,,,,,,,,,,,,,,
4,101405,Wallisson,CFC,Meia,mandante,7.2,1.0,5.0,2.0,1.0,,1.0,,,,,,,,,,,,,,
4,101574,Hugo Souza,COR,Goleiro,visitante,1.6,,,,,,,,,,,2.0,1.0,,,,,,,,
4,101708,Felipe Jonatan,CFC,Lateral,mandante,2.0,,1.0,,,,1.0,,,,,,,,,,,,,,
4,101715,Alerrandro,INT,Atacante,visitante,0.0,,,,,,,,,,,,,,,,,,,,
4,101729,Fabinho,CFC,Atacante,mandante,1.2,,,,,,,,,1.0,,,,,,,,,,,
4,101960,Vitinho,INT,Atacante,visitante,8.2,,,,,,4.0,,,1.0,,,,,,,1.0,,,,
4,102130,Piquerez,PAL,Lateral,mandante,2.4,,1.0,1.0,,,,,,1.0,,,,,,,,,,,
4,102796,Julimar,CAP,Atacante,visitante,8.8,,,,1.0,,,,1.0,,,,,,,,,,,,
4,102887,Bruno Lazaroni,VAS,Técnico,visitante,4.48,,,,,,,,,,,,,,,,,,,,
4,102909,Luan Vinícius,SAO,Meia,visitante,1.5,,1.0,,,,,,,,,,,,,,,,,,
4,102911,Zé Ricardo,REM,Meia,mandante,2.0,,1.0,,,,1.0,,,,,,,,,,,,,,
4,103056,Gabriel Brazão,SAN,Goleiro,mandante,-0.7,1.0,,,,,,,,,,1.0,1.0,,,,,,,,
4,103295,Eric Ramires,RBB,Meia,mandante,-0.3,,,1.0,,,,,,,,,,,,,,,,,
4,103445,Kaio Jorge,CRU,Atacante,mandante,1.4,,,2.0,2.0,1.0,1.0,,,,,,,,,,,,,,
4,103523,Ignácio,FLU,Zagueiro,visitante,1.6,1.0,2.0,4.0,1.0,,,,,,,,,,,,,,,,
4,103767,Gabriel Menino,SAN,Meia,mandante,0.9,,,1.0,,,,,,1.0,,,,,,,,,,,
4,103912,Hernán Crespo,SAO,Técnico,visitante,6.9,,,,,,,,,,,,,,1.0,,,,,,
